Experiments,avg_att_prec,avg_att_recall,avg_att_f1,avg_BLEU,avg_ROUGE,cos_sim_num,auotais_yes,auotais_no,valid_autoais,avg_ans_prec,avg_ans_recall,avg_ans_f1,avg_ans_BLEU,ave_ans_ROUGE,cos_sim_ans_num,auotais_ans_yes,auotais_ans_no,valid_autoais_ans
500_top1,0.25803285316054236,0.24516882423319572,0.20595789426745376,0.04074792319350991,0.010583295328816848,100,449,290,739,0.31328327421318963,0.11323856509448196,0.1334359314314095,0.21872720633131243,0.04090916372918998,44,376,316,692
doc2dial_250_top5,0.24667682012881972,0.2684423453583984,0.21778654802891548,0.0319660540145391,0.008328632103190145,108,449,284,733,0.33366962302072034,0.16220954304403987,0.170462450779913,0.19816653848242566,0.038561228353533476,75,395,320,715
doc2dial_500_top5,0.24111910716375407,0.2787796067693728,0.21733119073822865,0.037413599534106536,0.009380538689007041,100,455,280,735,0.34318469062764134,0.17727699960751475,0.17458583520124057,0.18413675125293713,0.03556411904438666,77,385,316,701
doc2dial_1000_top1_new,0.26154043268684796,0.277372139804836,0.22779158948711473,0.048473813173817645,0.011594767971883004,51,236,136,372,0.3620093830816609,0.17130210993224154,0.17522703767509112,0.1674466797826437,0.032489379339013476,40,205,154,359
doc2dial_250_top1,0.2698814783977715,0.20180298637595748,0.1924601299935141,0.04564964076771852,0.011993081909623672,96,434,301,735,0.3020825299602639,0.09184935352377098,0.11834542988048033,0.22011217371673003,0.043247201634523905,34,381,305,686
doc2dial_1000_top1,0.24226313600639313,0.2537584082344784,0.203663716113377,0.03717423053939078,0.009626608679885415,101,476,280,756,0.3101153909654496,0.14106772924048203,0.1478482282247132,0.19480621598872108,0.03722721044907425,54,350,346,696
doc2dial_500_top1_new,0.23377367382642836,0.2848036633056471,0.210460314498764,0.033961348495520745,0.008645874818629511,103,457,304,761,0.3325449405846093,0.16665246153358174,0.16913686231722647,0.18792453601557407,0.0351521283612123,67,379,335,714
doc2dial_250_top1_new,0.26735481088417995,0.3078229012608599,0.23737843233037206,0.0319903833189683,0.008263373702130455,97,441,315,756,0.32604638712766004,0.14695304595409528,0.15846528899876342,0.20214705554943577,0.03744841619717168,55,394,303,697
